id,name
1,Hallsy Reddell
2,Whitby Sprankling
3,Harlen Warnock
4,Munroe Woolfall
5,Humfrey Askey
6,Sarine Acreman
7,Darcy Skelington
8,Edee Griffin
9,Rowan Kaasmann
10,Ann Bramelt
11,Guillaume Phillott
12,Yard Greenmon
13,Steffen Braybrookes
14,Augustina Wearing
15,Fionnula Reith
16,Abbot Gimbart
17,Albert Eat
18,Roth Mulvagh
19,Mace Emma
20,Caddric Husbands
21,Lotty Coffey
22,Theresa Petrasek
23,Nial Lidster
24,Rolfe Mullane
25,Madison Lutz
26,Findlay Edgeller
27,Josi Laytham
28,Gray Stean
29,Cliff Mergue
30,Caren Javes
31,Mar Stutard
32,Fedora Easterfield
33,Doloritas Romanetti
34,Rayshell Falkous
35,Baxy Penkethman
36,Modesty Pavek
37,Jacobo MacCumiskey
38,Anselm Fagg
39,Arlen Argontt
40,Julio Evins
41,Star Morey
42,Romain Hawtry
43,Hilary Hingeley
44,Tammi Woofinden
45,Jolynn Soggee
46,Ernest Crabbe
47,Ailina Iacovielli
48,Xavier Wyon
49,Erna Twiname
50,Clementius Sheron
51,Zulema d'Escoffier
52,Nerty Kristoffersson
53,Eloise Turbayne
54,Bruce Crippin
55,Vallie Vampouille
56,Avie Bierton
57,Seumas Fackney
58,Leshia Langfat
59,Demott Ferreira
60,Joela Monroe
61,Emilie Lorentz
62,Irwinn Cawkill
63,Adah Bowater
64,Jacques Petrello
65,Chelsey Kubacki
66,Olenka Beckley
67,Damara Govern
68,Audrye Vedntyev
69,Sid Mugg
70,Shoshana Chellingworth
71,Ingmar Garralts
72,Leeann Mowett
73,Carlen Cammocke
74,Loralee Elland
75,Monica Tomkin
76,Alis Sinott
77,Cele Dermot
78,Cecilio Lamboll
79,Star Rolfe
80,Teddie Antoniades
81,Jeddy Imore
82,Matthiew MacVanamy
83,Celeste Hupe
84,Anthiathia O'Donohue
85,Marcille Bendig
86,Rene Lerwill
87,Brandyn Eneas
88,Lindsey Riglesford
89,Terence Greaser
90,Celia Sexon
91,Bernette Basek
92,Gerrie Deverock
93,Paloma Pyford
94,Shaw Dionis
95,Renaldo Walrond
96,Doretta Powland
97,Michel Cary
98,Gloria Sey
99,Harland Botley
100,Carolin Poveleye
101,Blayne Cicccitti
102,Geralda Curds
103,Laurianne Astley
104,Biddie Roizn
105,Malchy Isakovitch
106,Jaymie Panchen
107,Dorette Woollin
108,Isiahi Kaminski
109,Gaultiero Coare
110,Nickie Scanderet
111,Alard Berrie
112,Thornton Rawood
113,Jo ann Hamshaw
114,Gail Weavill
115,Carolyne Poveleye
116,Melisande Dilliston
117,Brok Buttery
118,Quincy Silbersak
119,Michal Woodrup
120,Vivian Eynaud
121,Idalia Bradane
122,Ilka Ickowics
123,Clair Vickors
124,Efren Fawloe
125,Ricard Willford
126,Andris Hawksworth
127,Kelby Rego
128,Carr Hayley
129,Elli Beeres
130,Hesther Raincin
131,Krysta Hanniger
132,Cori Haddow
133,Nolan Ballay
134,Winifred Andrzejak
135,Lurline MacRory
136,Kylila Gawkes
137,Tanner Sollom
138,Harri Dodsley
139,Camila Sellner
140,Kiley DeSousa
141,Elfrida Davson
142,Rafi Caslake
143,Caresse Wollen
144,Cristen Oleszkiewicz
145,Louis Perez
146,Alicia Doreward
147,Romonda Aloshechkin
148,Leora Neeson
149,Minni Greswell
150,Kellie Bradford
151,Artemus Tutton
152,Derrik Kennaird
153,Zolly Brognot
154,Georgia Lainge
155,Josefa Likely
156,Millisent Childes
157,Davina Volant
158,Dennison Pyburn
159,Karly Sember
160,Quill Nerger
161,Clair Kocher
162,Ofelia Pellman
163,Birgitta Van Niekerk
164,Angele Whereat
165,Robinette Freeland
166,Ronni Faltin
167,Renato Lound
168,Livy Bruntjen
169,Wheeler Basterfield
170,Maible Chaney
171,Frederik Cheshire
172,Patrice Hambridge
173,Janis Dreinan
174,Nigel Gratland
175,James Pagelsen
176,Fiona Larrington
177,Loralyn Gwinnett
178,Maryl Ash
179,Teodoro Rampley
180,Adria Borit
181,Loria Potell
182,Arnoldo Bamforth
183,Genevra Herrero
184,Hewie Foro
185,Holly-anne Ghiotto
186,Carmen Dyet
187,Ardyth Kneesha
188,Ingunna Duckering
189,Ranique Grigoroni
190,Silvie Arnley
191,Hernando Lissaman
192,Gallagher Jeannot
193,Joelle Collis
194,Myles Sneezum
195,Shep Goundsy
196,Chrystel Durrant
197,Ajay Greystock
198,Karry Kilfether
199,Anastassia McShirie
200,Sigmund Christie
201,Yorke Cessford
202,Roshelle Queyeiro
203,Helene Welford
204,Kassie Salandino
205,Warner Leavesley
206,Cherlyn Pinwill
207,Kelsy Leynagh
208,Gannon Smallpeice
209,Sibylla Crewther
210,Berta Tibbetts
211,Gayel Whyatt
212,Hermy Seagar
213,Leda Holah
214,Emmeline Vallance
215,Fernanda Velten
216,Susie Letterick
217,Lena Rusted
218,Rosanna Gavey
219,Diana Blaes
220,Stan Fairpo
221,Blancha Martina
222,Roz Skippen
223,Mable Duiguid
224,Evey Pawelek
225,Orbadiah Pendock
226,Roch Sprason
227,Rhea Cleeton
228,Astra Beloe
229,Claudianus Chittim
230,Roz Pettet
231,Bamby Mahedy
232,Riordan Ping
233,Jeffy Beale
234,Arni Dockwray
235,Blake Yakov
236,Leandra Arnould
237,Parker Dufton
238,Elston Kaliszewski
239,Glen Pauncefoot
240,Rodolphe Orsay
241,Niall Joney
242,Molly O' Mullane
243,Dorolisa Scanlin
244,Sandie Elkins
245,Emerson Highton
246,Marcello Dewbury
247,Jacquelin Thunders
248,Pauly O'Docherty
249,Forest Northgraves
250,Nelie Kettlestringe
251,Maudie Dole
252,Montgomery Fidoe
253,Rosabelle Meneely
254,Corinne Meriot
255,Chadd Aukland
256,Gilligan Godin
257,York Mawby
258,Grove Camerati
259,Clarey Meffin
260,Allis Spinozzi
261,Arlie Lavrinov
262,Audry Duell
263,Svend Rosenkrantz
264,Bron Cronkshaw
265,Kurtis Opy
266,Seward Yanson
267,Inger McMylor
268,Antonin Serchwell
269,Harriett Mollett
270,Brandyn Thackston
271,Terese Olford
272,Robby Covill
273,Em Braunle
274,Joyous Libbe
275,Holden Chestnutt
276,Bill Smeeton
277,Joel Feedham
278,Tess Brockie
279,Huberto Vernazza
280,Myranda Lyste
281,Melinde Burbage
282,Merle Lampke
283,Janaye Orrey
284,Mela Fetterplace
285,Wileen Cookes
286,Atlanta Lamke
287,Patric Dyster
288,Lesya Ridgway
289,Daisey Cacacie
290,Matthaeus Goodyer
291,Moselle Keel
292,Doris Fischer
293,Barri Zanussii
294,Andriette Atwool
295,Sonni Daens
296,Free Aviss
297,Jillayne Cabral
298,Shaun Bond
299,Valerye Bayfield
300,Norrie Shelmardine
301,Iain Foskin
302,Rem Raye
303,Correy Buddell
304,Ambrosio Blackster
305,Bar Fydoe
306,Marj Haywood
307,Yetty Winnett
308,Valle Nevett
309,Christy Tuckley
310,Wilone Knutsen
311,Budd Huzzey
312,Gannie Aguilar
313,Darla Quemby
314,Adena Cheesworth
315,Mallorie Gilyatt
316,Fanni Currall
317,Jasmin Mizen
318,Gerladina Mattea
319,Damian Iley
320,Otis Braundt
321,Darlleen Snoad
322,Michale Hawkin
323,Reggie Chastang
324,Gardy Newbery
325,Marrilee Clohissy
326,Denney Mellhuish
327,Aloisia Sands-Allan
328,Cymbre MacCartan
329,Netti Reignard
330,Natalina Don
331,Tally Eccleston
332,Dallon Brayshaw
333,Gayel Garraway
334,Veradis Jest
335,Conan Olyfant
336,Mathe Tremble
337,Marcela Hrus
338,Briant Gillbee
339,Charil Gariff
340,Gary McKeveney
341,Hernando Delort
342,Arabele Lohoar
343,Sarine Voller
344,Ulric Yelding
345,Reine Lope
346,Bobina Bendall
347,Sampson Halpine
348,Henri Bissiker
349,Dallis Alphonso
350,Angel Amdohr
351,Thorsten Dashkov
352,Lona Nerheny
353,Bev Hindmoor
354,Charita Craufurd
355,Calley Elmes
356,Sunny Welchman
357,Kev Kaman
358,Evanne Kidstoun
359,Adey Durnall
360,Melly Stuke
361,Lyndell Noquet
362,Laurent Rocks
363,Mariquilla Rogers
364,Winifred Juhruke
365,Hubey Beisley
366,Powell Nenci
367,Katharyn Donald
368,Jean Ccomini
369,Tedi Glover
370,Morry Gateland
371,Carmelina Mapson
372,Tandi Godwin
373,Renata MacFadin
374,Afton Gurley
375,Barn Hassard
376,Dolli Radbond
377,Malvin Kennealy
378,Bailey Holtum
379,Gisele Painter
380,Lionello Chittey
381,Jarrad Brundale
382,Arabel Galliver
383,Zorine Ledes
384,Letitia Gonnard
385,Maribeth Chessun
386,Jeralee Carlisso
387,Adina McNiven
388,Daile Waterworth
389,Goober Shipp
390,Cchaddie Willimott
391,Barty Reddlesden
392,Norma O'Donnell
393,Sibel Lasty
394,Dedra Martinelli
395,Vanni Ziehms
396,Batsheva Woolerton
397,Alano Townby
398,Elisha Copping
399,Else De-Ville
400,Louie Van der Kruijs
401,Homere Folke
402,Erna Glencrash
403,Kelcey Dudden
404,Agnola MacFaell
405,Teador Davidesco
406,Ogdon Retallack
407,Clarie Roff
408,Eadith Kermott
409,Consuela Dowyer
410,Pernell Haswall
411,Farr Godmer
412,Ilysa Chapple
413,Delcine Mc Carroll
414,Edeline Villar
415,Katey Jensen
416,Ham Tuvey
417,Conchita Thowes
418,Jamison Gulland
419,Gayleen Dollimore
420,Inger Riglar
421,Malissa Hubback
422,Adrian Points
423,Polly Colebourne
424,Merrily Suttie
425,Mildred Venturoli
426,Kate Rafe
427,Michail Valerius
428,Amerigo Auty
429,Yovonnda St Louis
430,Aeriela De Francesco
431,Pammi Rooson
432,Sigismondo Sibthorpe
433,Massimo D'eye
434,Friederike Dewick
435,Barn Sturton
436,Denys Rattenbury
437,Phebe Fahy
438,Brena Mateos
439,Letty Milstead
440,Valencia Conkey
441,Francisca Gomm
442,Redd Batter
443,Johnathon Ajsik
444,Shae Tyrwhitt
445,Tammy Villalta
446,Joscelin Bloggett
447,Shirley Seddon
448,Rollo Asquith
449,Kristina Cottam
450,Cori Cutten
451,Magnum Blanpein
452,Gerhardt Drohane
453,Hatti Pettifer
454,Che Leinster
455,Hogan Hendrick
456,Jenilee Goldsmith
457,Karalee Bonellie
458,Jane Curreen
459,Anatol Pioch
460,Jarrett Zucker
461,Allyce Asbery
462,Roosevelt Yegorkov
463,Desmund Shrimpton
464,Graehme Huntriss
465,Charis Kleinfeld
466,Orsola Raybould
467,Mady Cullingworth
468,Mikel MacFadin
469,Reynolds Piecha
470,Base Moston
471,Ellary Fiddyment
472,Dewie Rewcastle
473,Erhard Leighfield
474,Afton Beazer
475,Marven Werndley
476,Judye Braunston
477,Tim Garbar
478,Tabatha Rau
479,Denys Machon
480,Woodie Steele
481,Pernell Criple
482,Darnell Perkis
483,Cesaro Harbor
484,Leda McTavy
485,Walton Demkowicz
486,Eduardo Penk
487,Cyndi Cansdell
488,Ezekiel Darnborough
489,Isidore Derrett
490,Belva Laugharne
491,Stevy Eisikowitch
492,Robinett Greetham
493,Torr Hammerich
494,Germana Sandeson
495,Lazar Relton
496,Wat Janaszewski
497,Murry Randal
498,Franzen Ovett
499,Karyl Tansley
500,Peirce Nurdin
501,Peggi Frankton
502,Rufus Boodle
503,Alanson Morehall
504,Isa MacGarvey
505,Nissy Hopfner
506,Grange Itzchaky
507,Ogdan Suddock
508,Cristal Teaser
509,Don Dziwisz
510,Hilary Cess
511,Job McCaghan
512,Daron Axford
513,Alaster Siseland
514,Hermie Siemon
515,Averyl Averill
516,Kippie Sewards
517,Galvin Purcell
518,Corliss Aucutt
519,Emlynn Mcwhinnie
520,Ced Colbron
521,Cristy Tranfield
522,Anne-marie Jendrassik
523,Micaela Coorington
524,Berri Obin
525,Leeland Coombes
526,Dasie Alkins
527,Herbie Morrott
528,Ede Handman
529,Ware Chetham
530,Kristyn Westrope
531,Justus Epton
532,Zea Joye
533,Kayle Haddleton
534,Lori McGinlay
535,Lem Irlam
536,Nadiya Fadell
537,Marysa Ginglell
538,Tiffi Hablot
539,Lianne Beefon
540,Rheta Concannon
541,Monika Keedy
542,Siouxie MacLese
543,Foss Dyke
544,Fredric Avison
545,Tiffi Grossier
546,Micky Allison
547,Benito MacRierie
548,Leeann Simenel
549,Moritz Dreossi
550,Findlay Rizzardini
551,Rachelle Fitchell
552,Ninetta Jedrzej
553,Garry Faunch
554,Stephani Vobes
555,Esteban Abrehart
556,Clementius Longina
557,Sanford Stoite
558,Horatio Heath
559,Aigneis Allans
560,Farlay Hawkeswood
561,Launce Prevost
562,Heloise Passingham
563,Noell Bigadike
564,Bogey Fairest
565,Emiline Prinn
566,Cristina Gitthouse
567,Adolphus Kaindl
568,Ian Sertin
569,Raf Gettens
570,Nathalie Seide
571,Osmund Gabbatt
572,Quintina Scrimshire
573,Gabriel Skingley
574,Merle Patriche
575,Temp Tuther
576,Adolphe Selland
577,Allissa Titley
578,Jamaal Treece
579,Emmie McLeman
580,Kimble Paulley
581,Iolanthe Gooderham
582,Moina Simoncelli
583,Jammie Dorney
584,Shandie Jurkowski
585,Danila Bedbury
586,Lyon Von Gladbach
587,Sybyl Eltringham
588,Linnie Hatchette
589,Forester Korejs
590,Boigie O'Dempsey
591,Dodie Millery
592,Laurie Christofor
593,Sonya Swaden
594,Doroteya Snazel
595,Far Hughs
596,Hube Creegan
597,Mirna Forson
598,Percy Rallinshaw
599,Maxy Hows
600,Barbie Randlesome
601,Frasco Hughill
602,Lyndsay Delgado
603,Rafaela Florentine
604,Stanwood Abrashkin
605,Kare Rhead
606,Claudine Mussington
607,Amelie Bitchener
608,Patin MacAlpyne
609,Alan Godbald
610,Bellanca McKomb
611,Tye Neames
612,Sharity Pauls
613,Angele Stanyer
614,Steffie Culvey
615,Carling Myall
616,Gasparo Spray
617,Juan Stute
618,Manolo Vasilyonok
619,Alva Cucinotta
620,Harriette Vynehall
621,Mack Farryn
622,Nealy Mohan
623,Shana Sharrier
624,Ingrim Garmanson
625,Giuseppe Klimkowski
626,Dasya McKeefry
627,Allx O'Doohaine
628,Junette Linnett
629,Towney Whear
630,Ethan Gowland
631,Mason Robertelli
632,Kaja Turneaux
633,Izabel Salandino
634,Clemmie Barber
635,Diarmid Makiver
636,Cynthie Keller
637,Dewie Crocumbe
638,Leeland Mulholland
639,Orville Duquesnay
640,Jacklin Cottill
641,Junette Darlaston
642,Sharl Crum
643,Florrie Tommis
644,Cyrus Banville
645,Crista Furman
646,Lowrance Aymeric
647,Calla MacCarrick
648,Bernete Gullberg
649,Stanwood Rassmann
650,Richie Horning
651,Sofie Sherrard
652,Schuyler Thews
653,Fionnula Pinock
654,Quincy Scargill
655,Curtis Greeson
656,Sheri Kilfeather
657,Teressa Farloe
658,Franny Whyatt
659,Germaine Shoobridge
660,Sally Hanton
661,Britte Klamman
662,Amata Hugnet
663,Trueman Perico
664,Celestina O'Hanlon
665,Delcina Ramshaw
666,Denna Bront
667,Kimmy Plak
668,Mathilda Peery
669,Lorne Berndtsson
670,Fionna Gowlett
671,Hymie Gannicott
672,Marshal Ellicock
673,Tessie Kobus
674,Rosetta Wilfinger
675,Del Swalteridge
676,Alexandre Caswell
677,Jarrad Phipard-Shears
678,Tarrance Harmer
679,Marcel Gallichiccio
680,Sanford Sempill
681,Allianora Cheatle
682,Lil Denyukin
683,Albie Tilio
684,Skye Deveraux
685,Averill Klement
686,Callie Waddam
687,Amanda Guilbert
688,Orson Van Dijk
689,Yetta Lenox
690,Phyllis Ditchburn
691,Gennifer Mushet
692,Lona Gilmore
693,Dennis Spellar
694,Tate Huntar
695,Whitney Rodolf
696,Clarice Sterzaker
697,Abagail Ben-Aharon
698,Kiley Bernardy
699,Saunders McGreal
700,Antonino Gounard
701,Kristian Abbati
702,Andrea Ovens
703,Braden Grimsdike
704,Jorry Slopier
705,Phillie Mephan
706,Millie De Simoni
707,Jess Mottram
708,Sally Crummey
709,Kippie Chaters
710,Charis Stickley
711,Dorris Kyneton
712,Bobbie Varnam
713,Grier Rieme
714,Germayne Unwin
715,Huntlee Townshend
716,Teodor Scarth
717,Lilllie Tidbold
718,Mercedes Shelmardine
719,Alfons Bentsen
720,Patrick Dudek
721,Osbert Chaperlin
722,Joline Prickett
723,Cy Focke
724,Celina Rousell
725,Marie-ann Valens-Smith
726,Gaile McLenahan
727,Laughton Bernier
728,Gerrie Magnus
729,Myra Jeacocke
730,Leisha Jarrelt
731,Carney Danihelka
732,Lon Lyttle
733,Caryl Boughton
734,Lucretia Bolens
735,Olag Marrington
736,Marrissa Teliga
737,Alika Bassett
738,Ted Andrin
739,Lauryn Matthaus
740,Shelley Northall
741,Leann MacDearmont
742,Garnette Kloss
743,Yolande Osmant
744,Ambur Ludgate
745,Mariya Gianasi
746,Elysee Eiler
747,Chester Antonutti
748,Catharine Anstis
749,Ruperto Lowden
750,Talya Brinsford
751,Johnnie McMylor
752,Bobette Cornil
753,Clemens Keyzman
754,Peter Tomaskov
755,Jo Burnage
756,Enos Shakesby
757,Tresa Harrald
758,Shurlocke Manifield
759,Ozzy Davage
760,Grove Drummond
761,Johannes Spelman
762,Dionne Haughton
763,Naoma Elliker
764,Roth McAteer
765,Phylys Stitcher
766,Grier Bernardot
767,Dorise Vlahos
768,Les Fayers
769,Mattie Udale
770,Coleen Shuttell
771,Fabien Schapiro
772,Moise Windridge
773,Arthur Hechlin
774,Christophorus Cummungs
775,Xenia Markushkin
776,Freedman Scollan
777,Angus Madelin
778,Kirby Grinstead
779,Mozes Dearnley
780,Sammy Cronk
781,Lorain Mathevet
782,Bobina Shirer
783,Ahmad Everill
784,Lacy Stuckey
785,Emanuel Vignaux
786,Margarethe McMeanma
787,Celestina Sandyford
788,Anatol Paulot
789,Irena Spellsworth
790,Sergent Hiddy
791,Isidore Keeffe
792,Normand Bascomb
793,Deborah Sheffield
794,Gareth McMeeking
795,Kakalina Theseira
796,Hagan Lockhart
797,Skipton Peetermann
798,Emmerich Bateman
799,Celka Fisby
800,Tedda Macia
801,Nikki McGriffin
802,Leisha Skene
803,Bette Braybrooke
804,Sonya Dirr
805,Ikey Samett
806,Husein Orwin
807,Olive Stutter
808,Querida Abthorpe
809,Barde Lampbrecht
810,Lowell Verralls
811,Dorise Oppy
812,Nada Newick
813,Dory Gascoyen
814,Fidelio Anfosso
815,Cristobal Wallentin
816,Mil Glavias
817,Westley Life
818,Irving Golston
819,Sile Bravington
820,Hillard Geer
821,Barbee Cavalier
822,Adrea Spedding
823,Forrest Dormand
824,Staford Flaune
825,Roderigo Keig
826,Allix Matschoss
827,Melvyn Maund
828,Jacenta Casterot
829,Stephan Wylder
830,Keenan Hryniewicki
831,Ariella Midner
832,Thea Cheeney
833,Lowell Hadwin
834,Chicky Zannuto
835,Agnesse Roels
836,Remy Hawk
837,Teddie Giacopelo
838,Carolina Lintall
839,Fax Bello
840,Caesar Brothwood
841,Tildi Armstrong
842,Cello Craik
843,Gayle Domico
844,Myrah Winfrey
845,Granny Bozward
846,Colet Brosnan
847,Brittne Pilbury
848,Todd Fidal
849,Tierney MacKay
850,Warner Alderson
851,Dita Sapey
852,Ginevra Bernardes
853,Josselyn Schonfeld
854,Sandi Tunsley
855,Gayle Annear
856,Averil Morrice
857,Linnell Jerrems
858,Sal Ginnety
859,Silas Mielnik
860,Bibby Eslinger
861,Siobhan Sorby
862,Mamie O'Fallon
863,Tine Thurner
864,Jeana Towner
865,Cary La Croce
866,Ezmeralda Pock
867,Daven Beardshall
868,Melantha Hall-Gough
869,Chadd Percy
870,Stevie Soles
871,Elenore Fydoe
872,Zilvia McGuinness
873,Malvin Wellum
874,Isabelle Dignam
875,Amerigo Ferrillio
876,Calli Jerok
877,Kora Crosskill
878,Karlyn Halfacree
879,Alexandros Fernier
880,Nikki Benedicte
881,Martelle Gomery
882,Terrill Manuelli
883,Loren Spira
884,Tadd Ivakhin
885,Adriano Surplice
886,Erinn Oldcroft
887,Alyssa Tordoff
888,Myrta Bole
889,Jenine Hurleston
890,Laurette Carlett
891,Brock Mundy
892,Barron Floyde
893,Aldwin Picardo
894,Flo McCaffrey
895,Vivi Kendred
896,Skippie Giacopazzi
897,Bernice Larby
898,Lorelle Abercrombie
899,Papageno Killiam
900,Kelly Verryan
901,Jacquelynn Veivers
902,Brocky Casillis
903,Roman Blaby
904,Marcello Seabridge
905,Ronnica Dabnot
906,Winfield Artingstall
907,Mick Tipler
908,Gill Blanden
909,Dinah Gillham
910,Leela Piscopiello
911,Kathy Mawne
912,Quinn Oxbe
913,Fayette Whitehair
914,Bobby Burnside
915,Pryce Honywill
916,Lenee Bowker
917,Jemima Cawcutt
918,Casi Sellner
919,Juliet Bunch
920,Dulcy Ventham
921,Gris Toward
922,Pattie Dilgarno
923,Blaire Fellibrand
924,Louie Althorpe
925,Tad Losselyong
926,Ulises Phoenix
927,Glenda Antoszczyk
928,Douglass Shetliff
929,Birk Rope
930,Constantine Paolucci
931,Patty Davidowsky
932,Eileen Jozaitis
933,Charlotte Fishpoole
934,Tripp Hainge
935,Darnall Chinge de Hals
936,Jacques Risso
937,Niall Darkott
938,Dottie Harken
939,Goddart Plessing
940,Hyatt Corston
941,Daphene End
942,Chloris Waby
943,Mortie Solley
944,Emmaline Marjoram
945,Ricki Turnpenny
946,Osbourn Alvey
947,Lonnie Adamec
948,Sabrina Jaram
949,Quint Kellart
950,Arthur Litchfield
951,Beckie Falks
952,Staford Eles
953,Aurea Westmacott
954,Pablo Gready
955,Yetty Quarrie
956,Costa Towhey
957,Vern Wilstead
958,Raffarty Kincla
959,Balduin Birdis
960,Issie Sollowaye
961,Gerry McCrory
962,Nadine Nozzolinii
963,Owen Taylorson
964,Clair Skally
965,Andi Lemm
966,Chrisse Cato
967,Rosaline Yousef
968,Dew Ingreda
969,Terrijo Dalyiel
970,Karil Hlavac
971,Maura Mercy
972,Raye Dyett
973,Minetta Grime
974,Carma Carek
975,Derk Daffern
976,Dorine Pheasant
977,Elli Barbosa
978,Gerek Arpur
979,Lauraine Slarke
980,Alexandrina Burroughes
981,Zea Eliff
982,Adrienne Vellden
983,Hilly Wolstenholme
984,Dotty Bullimore
985,Noam Readwing
986,Rowena Drinkhill
987,Frieda Milley
988,Seth Holbury
989,Shanon Guyet
990,Lauren Peotz
991,Jill Hovell
992,Cortie Jurries
993,Marchelle Sline
994,Aloisia Greenstreet
995,Malvina Menichillo
996,Lorine Langstone
997,Kennith Ateridge
998,Kathryn Heintze
999,Lindy Fawthrop
1000,Sibeal De Beauchemp
